{"client_meta":{"background_color":{"r":0.9607843160629272,"g":0.9607843160629272,"b":0.9607843160629272,"a":1},"thumbnail_size":{"width":72,"height":400},"render_coordinates":{"x":1246,"y":1127,"width":2540,"height":14166}},"file_name":"Untitled","developer_related_links":[],"exported_at":"2026-07-12T06:44:28.188Z"}